#barcode_pos,major,minor,maf
0,T,C,0.304968
1,A,G,0.047090
2,C,T,0.326617
3,T,C,0.166490
4,C,G,0.288584
5,C,G,0.340909
7,G,A,0.111522
8,A,T,0.380550
9,T,C,0.475159
11,G,A,0.460888
12,C,T,0.414286
13,A,C,0.289112
15,C,A,0.228858
16,C,T,0.418605
19,G,A,0.172833
20,C,A,0.532770
21,T,C,0.438606
22,T,G,0.001057
23,G,T,0.001586
