id (sample/pos),prediction (coi/maf)
1,1
2,1
3,1
4,1
5,1
6,1
7,1
8,1
9,2
10,1
11,1
12,1
13,1
14,1
15,1
16,1
17,1
18,1
19,1
20,1
21,1
22,1
23,1
24,1
25,1
26,1
27,1
28,1
29,1
30,1
31,1
32,1
33,1
34,1
35,1
36,1
37,1
38,1
39,1
40,1
41,1
42,1
43,1
44,1
45,1
46,1
47,1
48,1
49,1
50,1
51,1
52,1
53,1
54,1
55,1
56,1
57,1
58,1
59,11
60,2
61,6
62,8
63,21
64,11
65,3
66,9
67,2
68,2
69,3
70,4
71,2
72,5
73,2
74,2
75,10
76,3
77,3
78,2
79,4
80,4
81,6
82,2
83,2
84,3
85,2
86,5
87,3
88,8
89,9
90,10
91,4
92,6
93,10
94,7
95,7
96,9
97,2
98,25
99,10
X0,0.051260409
X1,0.293680871
X2,0.940790659
X3,0.205253021
X4,0.100033338
X5,0.280324687
X7,0.010503488
X8,0.027932433
X9,0.669654422
X11,0.00467991
X12,0.365216449
X13,0.134244824
X15,0.031844436
X16,0.04978881
X19,0.2505289
X20,0.085123986
X21,0.953980666
X22,0.155346379
X23,0.416986382